date,variant,leads,goal_count,mean_duration,sd_duration
2026-10-12,A,216,94,72.1,53.78
2026-10-12,B,84,42,63.68,42.59
2026-10-13,A,206,103,73.83,50.01
2026-10-13,B,94,48,72.36,54.11
2026-10-14,A,227,94,66.41,44.46
2026-10-14,B,73,37,72.77,55.86
2026-10-15,A,222,93,67.98,49.43
2026-10-15,B,78,41,65.49,44.63
2026-10-16,A,208,100,72.93,50.94
2026-10-16,B,92,45,70.63,48.13
2026-10-17,A,201,92,69.36,55.68
2026-10-17,B,99,47,75.68,59.34
2026-10-18,A,210,84,66.64,46.04
2026-10-18,B,90,46,75.36,52.2
2026-10-19,A,197,89,68.47,48.19
2026-10-19,B,103,45,72.58,50.17
2026-10-20,A,207,91,64.21,48.2
2026-10-20,B,93,47,75.68,58.37
2026-10-21,A,213,97,75.19,44.42
2026-10-21,B,87,51,61.65,52.06
2026-10-22,A,212,96,72.84,53.16
2026-10-22,B,88,46,67.08,51.97
2026-10-23,A,224,92,70.4,44.92
2026-10-23,B,76,35,67.19,51.28
2026-10-24,A,207,101,71.87,50.43
2026-10-24,B,93,45,68.27,49.08
2026-10-25,A,209,93,68.03,44.21
2026-10-25,B,91,49,67.74,43.76
